,Precio,Unidades Vendidas,Satisfacción Cliente,Tiempo de Envío (días),Total Ventas
count,10000.0,10000.0,10000.0,10000.0,10000.0
mean,1024.4515,149.3411,5.0607,7.522,153008.524
std,564.7974069158213,85.91197260855876,2.6012481925444795,4.026032400973615,131033.39534579117
min,50.0,1.0,1.0,1.0,102.0
25%,527.75,76.0,3.0,4.0,45617.25
50%,1023.0,148.0,5.0,8.0,115900.0
75%,1517.0,223.0,7.0,11.0,231170.0
max,1999.0,299.0,9.0,14.0,587060.0
