,Precio,Unidades Vendidas,Satisfacción Cliente,Tiempo de Envío (días),Total Ventas
count,10000.0,10000.0,10000.0,10000.0,10000.0
mean,1028.2976,150.4582,4.9988,7.4669,154964.9387
std,570.6345604801741,85.64220870313396,2.611451804658245,4.0225765999232665,132631.9117368646
min,50.0,1.0,1.0,1.0,97.0
25%,525.0,77.0,3.0,4.0,45139.5
50%,1033.0,151.0,5.0,7.0,116933.0
75%,1535.0,224.0,7.0,11.0,234403.75
max,1999.0,299.0,9.0,14.0,590224.0
