,Ciudad,Total Ventas,Total Ventas,Total Ventas,Total Ventas,Unidades Vendidas,Unidades Vendidas,Unidades Vendidas
,,mean,sum,min,std,sum,min,max
0,Barcelona,156974.2938578884,391022966,97,134435.96845999602,377689,1,299
1,Madrid,154654.41622503058,379367283,519,133481.1258535808,369229,1,299
2,Portugal,153742.05027932962,385277578,312,131369.1266526505,374855,1,299
3,Valencia,154502.57254901962,393981560,194,131323.21316607093,382809,1,299
