,Ciudad,Total Ventas,Total Ventas,Total Ventas,Total Ventas,Unidades Vendidas,Unidades Vendidas,Unidades Vendidas
,,mean,sum,min,std,sum,min,max
0,Barcelona,150754.22389837238,379749890,376,130269.34135813513,375327,1,299
1,Madrid,150120.88562223117,372750159,102,126762.01996218515,368641,1,299
2,Portugal,152974.51592356688,384271984,144,134517.421162375,371638,1,299
3,Valencia,158211.2658889783,393313207,249,132352.41382667332,377805,1,299
